gender,alpha,beta,gamma
F,2.55,2.69,3.7
F,1.8290618300000001,2.8,3.304216926
F,2.17212056,2.321716782,4.5
F,2.259769062,2.455848095,4.32356186
F,1.985621524,2.05,3.378643433
M,1.572934006,2.770274344,3.476611809
M,2.312995869,2.890347488,3.57
M,2.139712404,2.285116882,4.07
M,2.303981817,2.299903876,4.385614258
M,2.07,2.344687838,4.44
