id,beta,gamma
1,2.69,3.7
2,2.8,3.304216926
3,2.321716782,4.5
4,2.455848095,4.32356186
5,2.05,3.378643433
6,2.770274344,3.476611809
7,2.890347488,3.57
8,2.285116882,4.07
9,2.299903876,4.385614258
10,2.344687838,4.44
