id,alpha,beta,gamma
1,2.55,2.69,3.7
2,1.8290618300000001,2.8,3.304216926
3,2.1721205599999998,2.321716782,4.5
4,2.259769062,2.455848095,4.32356186
5,1.985621524,2.05,3.378643433
6,1.572934006,2.770274344,3.476611809
7,2.312995869,2.890347488,3.57
8,2.139712404,2.285116882,4.07
9,2.303981817,2.299903876,4.385614258
10,2.07,2.344687838,4.44
